disease_class,crop,disease_name,symptoms,symptoms_hi,symptoms_hinglish,management,management_hi,management_hinglish,prevention,prevention_hi,prevention_hinglish,source
Apple___Apple_scab,Apple,Apple Scab,Olive green to brown irregular leaf spots that become dark brown or black. Fruit can develop raised corky spots and may become cracked or deformed.,"पत्तियों पर जैतूनी हरे से भूरे रंग के अनियमित धब्बे दिखाई देते हैं, जो बाद में गहरे भूरे या काले हो सकते हैं। फलों पर उभरे हुए कठोर धब्बे बन सकते हैं और फल फट या विकृत हो सकते हैं।","Leaves par olive-green se brown irregular spots dikh sakte hain, jo baad mein dark brown ya black ho sakte hain. Fruits par raised hard spots ban sakte hain aur fruit crack ya deform ho sakta hai.","Remove or properly decompose fallen infected leaves, maintain an open canopy for better airflow, and use disease-resistant varieties where available.","गिरी हुई संक्रमित पत्तियों को हटाएं या उचित तरीके से सड़ाकर नष्ट करें, बेहतर वायु संचार के लिए पेड़ की छतरी को खुला रखें और जहां उपलब्ध हो रोग-प्रतिरोधी किस्मों का उपयोग करें।","Giri hui infected leaves ko remove ya properly decompose karo, better airflow ke liye canopy ko open rakho aur available ho to disease-resistant varieties use karo.","Maintain orchard sanitation, prune for airflow, and monitor during wet periods.","बाग की स्वच्छता बनाए रखें, वायु संचार के लिए छंटाई करें और नमी वाले समय में फसल की निगरानी करें।","Orchard sanitation maintain karo, airflow ke liye pruning karo aur wet periods mein crop monitor karo.",University of Minnesota Extension
Apple___Black_rot,Apple,Black Rot,Round leaf spots with purple margins and tan centers. Fruit can develop brown rotting areas and may become mummified.,पत्तियों पर बैंगनी किनारों और हल्के भूरे केंद्र वाले गोल धब्बे दिखाई दे सकते हैं। फलों पर भूरे सड़न वाले हिस्से बन सकते हैं और फल सूखकर सिकुड़े हुए हो सकते हैं।,Leaves par purple margins aur tan centers wale round spots aa sakte hain. Fruits par brown rotting areas ban sakte hain aur fruit sookhkar mummified ho sakta hai.,"Remove infected plant material and mummified fruit, prune affected branches, and maintain good orchard sanitation.","संक्रमित पौधों के हिस्से और सूखे हुए फलों को हटाएं, प्रभावित शाखाओं की छंटाई करें और बाग की अच्छी स्वच्छता बनाए रखें।","Infected plant material aur mummified fruits remove karo, affected branches prune karo aur orchard sanitation maintain karo.","Reduce plant stress, remove dead or diseased wood, and maintain good canopy airflow.","पौधों पर तनाव कम रखें, मृत या रोगग्रस्त लकड़ी हटाएं और छतरी में अच्छा वायु संचार बनाए रखें।","Plant stress kam rakho, dead ya diseased wood remove karo aur canopy mein good airflow maintain karo.",University of Minnesota Extension
Apple___Cedar_apple_rust,Apple,Cedar-Apple Rust,"Yellow to bright orange leaf spots, often with a red border. Mature spots may develop dark dots or structures on the leaf surface.","पत्तियों पर पीले से चमकीले नारंगी धब्बे दिखाई दे सकते हैं, अक्सर लाल किनारे के साथ। पुराने धब्बों पर पत्ती की सतह पर गहरे बिंदु या संरचनाएं बन सकती हैं।","Leaves par yellow se bright orange spots aa sakte hain, aksar red border ke saath. Purane spots par leaf surface par dark dots ya structures ban sakte hain.",Remove infected plant material where practical and avoid planting susceptible apple trees close to cedar or juniper hosts.,जहां संभव हो संक्रमित पौधों के हिस्से हटाएं और संवेदनशील सेब के पेड़ों को देवदार या जुनिपर के मेजबान पौधों के पास लगाने से बचें।,Jahan possible ho infected plant material remove karo aur susceptible apple trees ko cedar ya juniper hosts ke paas lagane se bacho.,Use resistant varieties where available and maintain good orchard airflow.,जहां उपलब्ध हो रोग-प्रतिरोधी किस्मों का उपयोग करें और बाग में अच्छा वायु संचार बनाए रखें।,Available ho to resistant varieties use karo aur orchard mein good airflow maintain karo.,University of Minnesota Extension
Apple___healthy,Apple,Healthy,No obvious disease symptoms are detected in the image.,तस्वीर में बीमारी के कोई स्पष्ट लक्षण दिखाई नहीं दे रहे हैं।,Image mein disease ke koi obvious symptoms detect nahi ho rahe hain.,"Continue regular crop monitoring and maintain appropriate irrigation, nutrition, sanitation, and canopy management.","फसल की नियमित निगरानी जारी रखें और उचित सिंचाई, पोषण, स्वच्छता तथा छतरी प्रबंधन बनाए रखें।","Regular crop monitoring continue karo aur proper irrigation, nutrition, sanitation aur canopy management maintain karo.",Inspect plants regularly for early symptoms and maintain orchard hygiene.,"पौधों की नियमित जांच करें, शुरुआती लक्षणों पर ध्यान दें और बाग की स्वच्छता बनाए रखें।","Plants ko regularly inspect karo, early symptoms par dhyan do aur orchard hygiene maintain karo.",General crop-health guidance
Blueberry___healthy,Blueberry,Healthy,No obvious disease symptoms are detected in the image.,तस्वीर में बीमारी के कोई स्पष्ट लक्षण दिखाई नहीं दे रहे हैं।,Image mein disease ke koi obvious symptoms detect nahi ho rahe hain.,"Continue regular scouting and maintain appropriate soil moisture, nutrition, and plant hygiene.","नियमित निगरानी जारी रखें और उचित मिट्टी की नमी, पोषण तथा पौधों की स्वच्छता बनाए रखें।","Regular scouting continue karo aur proper soil moisture, nutrition aur plant hygiene maintain karo.",Remove obviously diseased plant material and maintain good airflow.,स्पष्ट रूप से रोगग्रस्त पौधों के हिस्से हटाएं और अच्छा वायु संचार बनाए रखें।,Clearly diseased plant material remove karo aur good airflow maintain karo.,General crop-health guidance
Cherry_(including_sour)___healthy,Cherry,Healthy,No obvious disease symptoms are detected in the image.,तस्वीर में बीमारी के कोई स्पष्ट लक्षण दिखाई नहीं दे रहे हैं।,Image mein disease ke koi obvious symptoms detect nahi ho rahe hain.,Continue regular monitoring and maintain balanced irrigation and nutrition.,नियमित निगरानी जारी रखें और संतुलित सिंचाई तथा पोषण बनाए रखें।,Regular monitoring continue karo aur balanced irrigation aur nutrition maintain karo.,Maintain orchard sanitation and good canopy airflow.,बाग की स्वच्छता और छतरी में अच्छा वायु संचार बनाए रखें।,Orchard sanitation aur canopy mein good airflow maintain karo.,General crop-health guidance
Cherry_(including_sour)___Powdery_mildew,Cherry,Powdery Mildew,White to gray powdery fungal growth may appear on young leaves and shoots. Leaves can curl or become distorted.,नई पत्तियों और टहनियों पर सफेद से धूसर पाउडर जैसी फफूंद दिखाई दे सकती है। पत्तियां मुड़ या विकृत हो सकती हैं।,Young leaves aur shoots par white se gray powdery fungal growth dikh sakti hai. Leaves curl ya distort ho sakti hain.,"Improve airflow, remove heavily affected plant material where practical, and follow locally approved disease-management guidance.","वायु संचार सुधारें, जहां संभव हो अधिक प्रभावित पौधों के हिस्से हटाएं और स्थानीय रूप से स्वीकृत रोग-प्रबंधन दिशानिर्देशों का पालन करें।","Airflow improve karo, jahan possible ho heavily affected plant material remove karo aur locally approved disease-management guidance follow karo.",Avoid excessive canopy density and monitor new growth regularly.,छतरी को बहुत घना न होने दें और नई वृद्धि की नियमित निगरानी करें।,Canopy ko excessively dense mat hone do aur new growth ko regularly monitor karo.,General plant pathology guidance
Corn_(maize)___Cercospora_leaf_spot Gray_leaf_spot,Corn,Cercospora Leaf Spot / Gray Leaf Spot,Gray to brown elongated lesions develop on leaves and may expand along the leaf surface.,पत्तियों पर धूसर से भूरे रंग के लंबे धब्बे बनते हैं और वे पत्ती की सतह पर फैल सकते हैं।,Leaves par gray se brown elongated lesions develop hote hain aur leaf surface par spread ho sakte hain.,"Use resistant hybrids where available, maintain crop rotation, and manage crop residue appropriately.","जहां उपलब्ध हो रोग-प्रतिरोधी हाइब्रिड का उपयोग करें, फसल चक्र अपनाएं और फसल अवशेषों का उचित प्रबंधन करें।","Available ho to resistant hybrids use karo, crop rotation maintain karo aur crop residue ko properly manage karo.",Scout regularly and avoid practices that unnecessarily increase disease pressure.,नियमित निगरानी करें और ऐसी गतिविधियों से बचें जो अनावश्यक रूप से बीमारी का दबाव बढ़ाती हैं।,Regular scouting karo aur aise practices avoid karo jo unnecessary disease pressure badhayein.,General plant pathology guidance
Corn_(maize)___Common_rust_,Corn,Common Rust,Small reddish-brown rust-colored pustules can develop on corn leaves.,"मक्के की पत्तियों पर छोटे लाल-भूरे, जंग जैसे उभरे हुए धब्बे बन सकते हैं।",Corn leaves par small reddish-brown rust-colored pustules develop ho sakte hain.,Use resistant hybrids where available and monitor fields regularly.,जहां उपलब्ध हो रोग-प्रतिरोधी हाइब्रिड का उपयोग करें और खेतों की नियमित निगरानी करें।,Available ho to resistant hybrids use karo aur fields ko regularly monitor karo.,Early scouting helps identify increasing disease pressure.,शुरुआती निगरानी से बीमारी का दबाव बढ़ने पर समय पर पहचान करने में मदद मिलती है।,Early scouting se disease pressure badhne par problem ko jaldi identify karne mein help milti hai.,General plant pathology guidance
Corn_(maize)___Northern_Leaf_Blight,Corn,Northern Leaf Blight,Long gray-green to tan lesions develop on leaves and can enlarge substantially.,पत्तियों पर लंबे धूसर-हरे से भूरे धब्बे बनते हैं और वे काफी बड़े हो सकते हैं।,Leaves par long gray-green se tan lesions develop hote hain aur kaafi bade ho sakte hain.,"Use resistant hybrids, crop rotation, and appropriate residue management.","रोग-प्रतिरोधी हाइब्रिड, फसल चक्र और उचित फसल-अवशेष प्रबंधन अपनाएं।","Resistant hybrids, crop rotation aur proper residue management use karo.",Scout fields and maintain good crop-management practices.,खेतों की नियमित निगरानी करें और अच्छी फसल प्रबंधन पद्धतियां अपनाएं।,Fields ko regularly scout karo aur good crop-management practices maintain karo.,General plant pathology guidance
Corn_(maize)___healthy,Corn,Healthy,No obvious disease symptoms are detected in the image.,तस्वीर में बीमारी के कोई स्पष्ट लक्षण दिखाई नहीं दे रहे हैं।,Image mein disease ke koi obvious symptoms detect nahi ho rahe hain.,Continue crop scouting and maintain balanced irrigation and nutrition.,फसल की निगरानी जारी रखें और संतुलित सिंचाई तथा पोषण बनाए रखें।,Crop scouting continue karo aur balanced irrigation aur nutrition maintain karo.,Regular field monitoring and sanitation help identify problems early.,नियमित खेत निगरानी और स्वच्छता से समस्याओं की जल्दी पहचान करने में मदद मिलती है।,Regular field monitoring aur sanitation se problems ko early identify karne mein help milti hai.,General crop-health guidance
Grape___Black_rot,Grape,Black Rot,Brown circular leaf lesions may develop and fruit can develop dark rotting areas before becoming shriveled.,अंगूर की पत्तियों पर भूरे गोल धब्बे बन सकते हैं और फलों पर काले सड़न वाले हिस्से बनकर फल सिकुड़ सकते हैं।,Grape leaves par brown circular lesions ban sakte hain aur fruits par dark rotting areas develop hokar fruit shrivel ho sakta hai.,Remove infected fruit and plant debris and maintain good canopy airflow.,संक्रमित फल और पौधों के अवशेष हटाएं तथा छतरी में अच्छा वायु संचार बनाए रखें।,Infected fruits aur plant debris remove karo aur canopy mein good airflow maintain karo.,Good sanitation and canopy management reduce disease pressure.,अच्छी स्वच्छता और छतरी प्रबंधन से बीमारी का दबाव कम किया जा सकता है।,Good sanitation aur canopy management se disease pressure reduce hota hai.,General plant pathology guidance
Grape___Esca_(Black_Measles),Grape,Esca / Black Measles,Leaf symptoms may include interveinal discoloration and spotting. Fruit can develop dark spots in affected vines.,पत्तियों पर नसों के बीच रंग बदलना और धब्बे दिखाई दे सकते हैं। प्रभावित बेलों के फलों पर गहरे धब्बे बन सकते हैं।,Leaves mein veins ke beech discoloration aur spots aa sakte hain. Affected vines ke fruits par dark spots develop ho sakte hain.,Remove severely affected plant material where appropriate and maintain vineyard sanitation.,जहां उचित हो गंभीर रूप से प्रभावित पौधों के हिस्से हटाएं और बागान की स्वच्छता बनाए रखें।,Jahan appropriate ho severely affected plant material remove karo aur vineyard sanitation maintain karo.,Use healthy planting material and minimize wounds that can provide infection sites.,स्वस्थ रोपण सामग्री का उपयोग करें और ऐसे घावों को कम करें जो संक्रमण का स्थान बन सकते हैं।,Healthy planting material use karo aur aise wounds minimize karo jo infection sites ban sakte hain.,General plant pathology guidance
Grape___Leaf_blight_(Isariopsis_Leaf_Spot),Grape,Leaf Blight / Isariopsis Leaf Spot,Leaf spots and blighted areas can develop on grape leaves.,अंगूर की पत्तियों पर धब्बे और झुलसे हुए हिस्से बन सकते हैं।,Grape leaves par spots aur blighted areas develop ho sakte hain.,Remove heavily affected leaves where practical and improve canopy airflow.,जहां संभव हो अधिक प्रभावित पत्तियां हटाएं और छतरी में वायु संचार सुधारें।,Jahan possible ho heavily affected leaves remove karo aur canopy airflow improve karo.,Maintain vineyard sanitation and monitor leaves during favorable weather.,वाइनयार्ड की स्वच्छता बनाए रखें और अनुकूल मौसम में पत्तियों की निगरानी करें।,Vineyard sanitation maintain karo aur favorable weather mein leaves monitor karo.,General plant pathology guidance
Grape___healthy,Grape,Healthy,No obvious disease symptoms are detected in the image.,तस्वीर में बीमारी के कोई स्पष्ट लक्षण दिखाई नहीं दे रहे हैं।,Image mein disease ke koi obvious symptoms detect nahi ho rahe hain.,Continue regular vineyard scouting and maintain appropriate irrigation and nutrition.,वाइनयार्ड की नियमित निगरानी जारी रखें और उचित सिंचाई तथा पोषण बनाए रखें।,Vineyard scouting regularly continue karo aur proper irrigation aur nutrition maintain karo.,Maintain canopy airflow and vineyard sanitation.,छतरी में वायु संचार और वाइनयार्ड की स्वच्छता बनाए रखें।,Canopy airflow aur vineyard sanitation maintain karo.,General crop-health guidance
Orange___Haunglongbing_(Citrus_greening),Orange,Huanglongbing / Citrus Greening,"Leaves can show irregular yellowing or mottling, and affected trees may show declining growth and poor fruit development.",पत्तियों पर अनियमित पीला पड़ना या चितकबरा रंग दिखाई दे सकता है और प्रभावित पेड़ों में वृद्धि कम तथा फलों का विकास खराब हो सकता है।,"Leaves par irregular yellowing ya mottling dikh sakti hai, aur affected trees mein growth decline aur poor fruit development ho sakta hai.",Confirm suspected cases through appropriate agricultural diagnostic services and manage infected trees according to local citrus-health programs.,संदिग्ध मामलों की उचित कृषि निदान सेवा से पुष्टि कराएं और स्थानीय साइट्रस स्वास्थ्य कार्यक्रम के अनुसार संक्रमित पेड़ों का प्रबंधन करें।,Suspected cases ko proper agricultural diagnostic service se confirm karao aur local citrus-health program ke according infected trees manage karo.,Use healthy planting material and monitor trees and vectors regularly.,स्वस्थ रोपण सामग्री का उपयोग करें और पेड़ों तथा रोग फैलाने वाले कीटों की नियमित निगरानी करें।,Healthy planting material use karo aur trees aur vectors ko regularly monitor karo.,Citrus disease management guidance
Peach___Bacterial_spot,Peach,Bacterial Spot,Small dark spots can appear on leaves and fruit. Severe infection may cause leaf loss and fruit blemishes.,पत्तियों और फलों पर छोटे गहरे धब्बे दिखाई दे सकते हैं। गंभीर संक्रमण में पत्तियां गिर सकती हैं और फलों पर दाग बन सकते हैं।,Leaves aur fruits par small dark spots aa sakte hain. Severe infection mein leaf loss aur fruit blemishes ho sakte hain.,Maintain orchard sanitation and use locally recommended resistant cultivars and disease-management practices.,बाग की स्वच्छता बनाए रखें और स्थानीय रूप से अनुशंसित रोग-प्रतिरोधी किस्मों तथा रोग-प्रबंधन पद्धतियों का उपयोग करें।,Orchard sanitation maintain karo aur locally recommended resistant cultivars aur disease-management practices use karo.,"Avoid unnecessary leaf wetness and monitor during warm, wet weather.",अनावश्यक पत्तियों की नमी से बचें और गर्म तथा नम मौसम में निगरानी करें।,"Unnecessary leaf wetness avoid karo aur warm, wet weather mein monitor karo.",General plant pathology guidance
Peach___healthy,Peach,Healthy,No obvious disease symptoms are detected in the image.,तस्वीर में बीमारी के कोई स्पष्ट लक्षण दिखाई नहीं दे रहे हैं।,Image mein disease ke koi obvious symptoms detect nahi ho rahe hain.,Continue regular orchard monitoring and balanced crop management.,बाग की नियमित निगरानी जारी रखें और संतुलित फसल प्रबंधन बनाए रखें।,Regular orchard monitoring continue karo aur balanced crop management maintain karo.,Maintain sanitation and good canopy airflow.,स्वच्छता और छतरी में अच्छा वायु संचार बनाए रखें।,Sanitation aur canopy mein good airflow maintain karo.,General crop-health guidance
"Pepper,_bell___Bacterial_spot",Bell Pepper,Bacterial Spot,Small dark water-soaked or brown lesions can occur on leaves and fruit.,"पत्तियों और फलों पर छोटे गहरे, पानी से भीगे हुए या भूरे घाव बन सकते हैं।","Leaves aur fruits par small dark, water-soaked ya brown lesions ho sakte hain.","Remove severely affected material where appropriate, avoid unnecessary overhead irrigation, and follow local disease-management guidance.","जहां उचित हो गंभीर रूप से प्रभावित हिस्से हटाएं, अनावश्यक ऊपर से सिंचाई से बचें और स्थानीय रोग-प्रबंधन दिशानिर्देशों का पालन करें।","Jahan appropriate ho severely affected material remove karo, unnecessary overhead irrigation avoid karo aur local disease-management guidance follow karo.",Use clean planting material and maintain good field sanitation.,स्वच्छ रोपण सामग्री का उपयोग करें और खेत की अच्छी स्वच्छता बनाए रखें।,Clean planting material use karo aur good field sanitation maintain karo.,General plant pathology guidance
"Pepper,_bell___healthy",Bell Pepper,Healthy,No obvious disease symptoms are detected in the image.,तस्वीर में बीमारी के कोई स्पष्ट लक्षण दिखाई नहीं दे रहे हैं।,Image mein disease ke koi obvious symptoms detect nahi ho rahe hain.,Continue regular scouting and balanced crop management.,नियमित निगरानी जारी रखें और संतुलित फसल प्रबंधन बनाए रखें।,Regular scouting continue karo aur balanced crop management maintain karo.,Maintain sanitation and avoid prolonged leaf wetness.,स्वच्छता बनाए रखें और पत्तियों पर लंबे समय तक नमी रहने से बचें।,Sanitation maintain karo aur prolonged leaf wetness avoid karo.,General crop-health guidance
Potato___Early_blight,Potato,Early Blight,Older leaves may develop brown lesions with concentric ring patterns and gradually decline.,पुरानी पत्तियों पर भूरे धब्बे बन सकते हैं जिनमें गोल-गोल छल्लों जैसे पैटर्न होते हैं और पत्तियां धीरे-धीरे खराब होती हैं।,Older leaves par brown lesions develop ho sakte hain jinmein concentric ring patterns hote hain aur leaves gradually decline karti hain.,"Maintain crop rotation, remove infected plant debris where practical, and use locally recommended disease-management practices.","फसल चक्र अपनाएं, जहां संभव हो संक्रमित पौधों के अवशेष हटाएं और स्थानीय रूप से अनुशंसित रोग-प्रबंधन पद्धतियों का पालन करें।","Crop rotation maintain karo, jahan possible ho infected debris remove karo aur locally recommended disease-management practices follow karo.","Use healthy planting material, maintain plant vigor, and avoid unnecessary leaf wetness.","स्वस्थ रोपण सामग्री का उपयोग करें, पौधों को स्वस्थ रखें और अनावश्यक पत्तियों की नमी से बचें।","Healthy planting material use karo, plant vigor maintain karo aur unnecessary leaf wetness avoid karo.",University of Minnesota Extension
Potato___Late_blight,Potato,Late Blight,"Dark water-soaked lesions can rapidly enlarge on leaves and stems, especially under cool and wet conditions.","पत्तियों और तनों पर गहरे पानी से भीगे हुए घाव तेजी से फैल सकते हैं, खासकर ठंडी और नम परिस्थितियों में।","Leaves aur stems par dark water-soaked lesions rapidly enlarge ho sakte hain, especially cool aur wet conditions mein.","Scout frequently, remove infected material where appropriate, and follow locally approved late-blight management guidance.","नियमित रूप से फसल की जांच करें, जहां उचित हो संक्रमित हिस्से हटाएं और स्थानीय रूप से स्वीकृत लेट ब्लाइट प्रबंधन दिशानिर्देशों का पालन करें।","Crop ko frequently scout karo, jahan appropriate ho infected material remove karo aur locally approved late-blight management guidance follow karo.",Use healthy seed material and monitor weather conditions that favor disease development.,स्वस्थ बीज सामग्री का उपयोग करें और बीमारी के विकास के अनुकूल मौसम की निगरानी करें।,Healthy seed material use karo aur disease development ke favorable weather conditions monitor karo.,General plant pathology guidance
Potato___healthy,Potato,Healthy,No obvious disease symptoms are detected in the image.,तस्वीर में बीमारी के कोई स्पष्ट लक्षण दिखाई नहीं दे रहे हैं।,Image mein disease ke koi obvious symptoms detect nahi ho rahe hain.,Continue regular field scouting and balanced crop management.,नियमित खेत निगरानी जारी रखें और संतुलित फसल प्रबंधन बनाए रखें।,Regular field scouting continue karo aur balanced crop management maintain karo.,Use healthy planting material and maintain field sanitation.,स्वस्थ रोपण सामग्री का उपयोग करें और खेत की स्वच्छता बनाए रखें।,Healthy planting material use karo aur field sanitation maintain karo.,General crop-health guidance
Raspberry___healthy,Raspberry,Healthy,No obvious disease symptoms are detected in the image.,तस्वीर में बीमारी के कोई स्पष्ट लक्षण दिखाई नहीं दे रहे हैं।,Image mein disease ke koi obvious symptoms detect nahi ho rahe hain.,Continue regular crop monitoring and maintain good airflow and sanitation.,फसल की नियमित निगरानी जारी रखें और अच्छा वायु संचार तथा स्वच्छता बनाए रखें।,Regular crop monitoring continue karo aur good airflow aur sanitation maintain karo.,Remove diseased plant material when observed and avoid excessive canopy humidity.,रोगग्रस्त पौधों के हिस्से दिखाई देने पर हटाएं और अत्यधिक छतरी नमी से बचें।,Diseased plant material dikhe to remove karo aur excessive canopy humidity avoid karo.,General crop-health guidance
Rice___Brown_Spot,Rice,Brown Spot,"Brown, generally rounded lesions can appear on rice leaves and may have yellowish halos.","चावल की पत्तियों पर भूरे, सामान्यतः गोल घाव दिखाई दे सकते हैं और उनके चारों ओर पीले घेरे हो सकते हैं।","Rice leaves par brown, generally round lesions aa sakte hain aur unke around yellowish halos ho sakte hain.",Maintain balanced crop nutrition and avoid plant stress. Use healthy seed and follow locally recommended rice disease-management practices.,संतुलित पोषण बनाए रखें और पौधों पर तनाव से बचें। स्वस्थ बीज का उपयोग करें और स्थानीय रूप से अनुशंसित चावल रोग-प्रबंधन पद्धतियों का पालन करें।,Balanced crop nutrition maintain karo aur plant stress avoid karo. Healthy seed use karo aur locally recommended rice disease-management practices follow karo.,"Use quality seed, maintain balanced fertility, and monitor fields regularly.","अच्छी गुणवत्ता वाले बीज का उपयोग करें, संतुलित उर्वरता बनाए रखें और खेतों की नियमित निगरानी करें।","Quality seed use karo, balanced fertility maintain karo aur fields ko regularly monitor karo.",IRRI Rice Knowledge Bank
Rice___Healthy,Rice,Healthy,No obvious disease symptoms are detected in the image.,तस्वीर में बीमारी के कोई स्पष्ट लक्षण दिखाई नहीं दे रहे हैं।,Image mein disease ke koi obvious symptoms detect nahi ho rahe hain.,Continue regular crop monitoring and maintain balanced irrigation and nutrition.,फसल की नियमित निगरानी जारी रखें और संतुलित सिंचाई तथा पोषण बनाए रखें।,Regular crop monitoring continue karo aur balanced irrigation aur nutrition maintain karo.,Use healthy seed and maintain field sanitation.,स्वस्थ बीज का उपयोग करें और खेत की स्वच्छता बनाए रखें।,Healthy seed use karo aur field sanitation maintain karo.,General crop-health guidance
Rice___Leaf_Blast,Rice,Leaf Blast,Leaf lesions are often spindle or diamond shaped with gray or whitish centers and darker margins.,"पत्तियों पर अक्सर तकली या हीरे के आकार के घाव दिखाई देते हैं, जिनके केंद्र धूसर या सफेद और किनारे गहरे होते हैं।","Leaves par aksar spindle ya diamond-shaped lesions dikhte hain, jinke centers gray ya whitish aur margins darker hote hain.","Use resistant varieties where available, avoid excessive nitrogen, maintain appropriate crop management, and follow local blast-management recommendations.","जहां उपलब्ध हो रोग-प्रतिरोधी किस्मों का उपयोग करें, अत्यधिक नाइट्रोजन से बचें, उचित फसल प्रबंधन करें और स्थानीय ब्लास्ट प्रबंधन सिफारिशों का पालन करें।","Available ho to resistant varieties use karo, excessive nitrogen avoid karo, proper crop management maintain karo aur local blast-management recommendations follow karo.","Use healthy seed, monitor during favorable weather, and manage nitrogen carefully.","स्वस्थ बीज का उपयोग करें, अनुकूल मौसम में निगरानी करें और नाइट्रोजन का सावधानी से प्रबंधन करें।","Healthy seed use karo, favorable weather mein monitor karo aur nitrogen carefully manage karo.",IRRI Rice Knowledge Bank
Rice___Neck_Blast,Rice,Neck Blast,Grayish-brown lesions can develop around the neck of the panicle and may cause panicles to bend or fail to fill properly.,फूलों की बालियों की गर्दन के आसपास धूसर-भूरे घाव बन सकते हैं और बालियां मुड़ सकती हैं या उनमें दाने ठीक से नहीं भर पाते।,Panicle ke neck ke around grayish-brown lesions develop ho sakte hain aur panicles bend ho sakte hain ya properly fill nahi ho pate.,"Use resistant varieties where available and follow local blast-management recommendations, especially around heading.",जहां उपलब्ध हो रोग-प्रतिरोधी किस्मों का उपयोग करें और विशेषकर बालियां निकलने के समय स्थानीय ब्लास्ट-प्रबंधन सिफारिशों का पालन करें।,Available ho to resistant varieties use karo aur especially heading ke time local blast-management recommendations follow karo.,Monitor the crop around heading and avoid excessive nitrogen.,बालियां निकलने के समय फसल की निगरानी करें और अत्यधिक नाइट्रोजन से बचें।,Heading ke around crop monitor karo aur excessive nitrogen avoid karo.,IRRI Rice Knowledge Bank
Soybean___healthy,Soybean,Healthy,No obvious disease symptoms are detected in the image.,तस्वीर में बीमारी के कोई स्पष्ट लक्षण दिखाई नहीं दे रहे हैं।,Image mein disease ke koi obvious symptoms detect nahi ho rahe hain.,Continue regular scouting and balanced crop management.,नियमित निगरानी जारी रखें और संतुलित फसल प्रबंधन बनाए रखें।,Regular scouting continue karo aur balanced crop management maintain karo.,Use quality seed and maintain field sanitation.,अच्छी गुणवत्ता वाले बीज का उपयोग करें और खेत की स्वच्छता बनाए रखें।,Quality seed use karo aur field sanitation maintain karo.,General crop-health guidance
Squash___Powdery_mildew,Squash,Powdery Mildew,White powder-like fungal growth develops on leaf surfaces and may spread across the foliage.,पत्तियों की सतह पर सफेद पाउडर जैसी फफूंद बढ़ती है और पूरे पत्तों पर फैल सकती है।,Leaf surfaces par white powder-like fungal growth develop hoti hai aur foliage par spread ho sakti hai.,"Improve airflow, monitor new growth, remove heavily affected leaves where practical, and follow locally approved management guidance.","वायु संचार सुधारें, नई वृद्धि की निगरानी करें, जहां संभव हो अधिक प्रभावित पत्तियां हटाएं और स्थानीय रूप से स्वीकृत प्रबंधन दिशानिर्देशों का पालन करें।","Airflow improve karo, new growth monitor karo, jahan possible ho heavily affected leaves remove karo aur locally approved management guidance follow karo.",Avoid excessive canopy humidity and maintain appropriate plant spacing.,छतरी में अत्यधिक नमी से बचें और पौधों के बीच उचित दूरी बनाए रखें।,Excessive canopy humidity avoid karo aur proper plant spacing maintain karo.,General plant pathology guidance
Strawberry___healthy,Strawberry,Healthy,No obvious disease symptoms are detected in the image.,तस्वीर में बीमारी के कोई स्पष्ट लक्षण दिखाई नहीं दे रहे हैं।,Image mein disease ke koi obvious symptoms detect nahi ho rahe hain.,Continue regular scouting and balanced crop management.,नियमित निगरानी जारी रखें और संतुलित फसल प्रबंधन बनाए रखें।,Regular scouting continue karo aur balanced crop management maintain karo.,Maintain sanitation and good airflow.,स्वच्छता और अच्छा वायु संचार बनाए रखें।,Sanitation aur good airflow maintain karo.,General crop-health guidance
Strawberry___Leaf_scorch,Strawberry,Leaf Scorch,Leaves can develop dark purple to brown spots that may expand and give foliage a scorched appearance.,पत्तियों पर गहरे बैंगनी से भूरे धब्बे बन सकते हैं जो फैलकर पत्तियों को झुलसा हुआ रूप देते हैं।,Leaves par dark purple se brown spots develop ho sakte hain jo spread hokar foliage ko scorched appearance dete hain.,Remove severely affected leaves where appropriate and maintain good field sanitation and airflow.,जहां उचित हो गंभीर रूप से प्रभावित पत्तियां हटाएं और खेत की अच्छी स्वच्छता तथा वायु संचार बनाए रखें।,Jahan appropriate ho severely affected leaves remove karo aur good field sanitation aur airflow maintain karo.,Use healthy planting material and monitor foliage regularly.,स्वस्थ रोपण सामग्री का उपयोग करें और पत्तियों की नियमित निगरानी करें।,Healthy planting material use karo aur foliage ko regularly monitor karo.,General plant pathology guidance
Sugarcane___Healthy,Sugarcane,Healthy,No obvious disease symptoms are detected in the image.,तस्वीर में बीमारी के कोई स्पष्ट लक्षण दिखाई नहीं दे रहे हैं।,Image mein disease ke koi obvious symptoms detect nahi ho rahe hain.,Continue regular crop monitoring and use healthy planting material.,फसल की नियमित निगरानी जारी रखें और स्वस्थ रोपण सामग्री का उपयोग करें।,Regular crop monitoring continue karo aur healthy planting material use karo.,Maintain field sanitation and monitor the crop regularly.,खेत की स्वच्छता बनाए रखें और फसल की नियमित निगरानी करें।,Field sanitation maintain karo aur crop ko regularly monitor karo.,TNAU Agritech / General crop-health guidance
Sugarcane___Mosaic,Sugarcane,Mosaic,Leaves may show irregular light and dark green mosaic-like patterns.,पत्तियों पर अनियमित हल्के और गहरे हरे रंग के मोज़ेक जैसे पैटर्न दिखाई दे सकते हैं।,Leaves par irregular light aur dark green mosaic-like patterns dikh sakte hain.,Use healthy planting material and manage infected plants according to local sugarcane disease-management recommendations.,स्वस्थ रोपण सामग्री का उपयोग करें और संक्रमित पौधों का प्रबंधन स्थानीय गन्ना रोग-प्रबंधन सिफारिशों के अनुसार करें।,Healthy planting material use karo aur infected plants ko local sugarcane disease-management recommendations ke according manage karo.,Use healthy seed cane and monitor fields for symptomatic plants.,स्वस्थ बीज-गन्ने का उपयोग करें और लक्षण वाले पौधों के लिए खेत की निगरानी करें।,Healthy seed cane use karo aur symptomatic plants ke liye fields monitor karo.,TNAU Agritech
Sugarcane___RedRot,Sugarcane,Red Rot,Leaves may change from green to orange or yellow and dry from the lower portion upward. Split canes can show reddish internal tissue with intermittent white areas.,पत्तियां हरे से नारंगी या पीली होकर नीचे के हिस्से से ऊपर की ओर सूख सकती हैं। गन्ने को काटने पर अंदर लाल रंग का ऊतक और बीच-बीच में सफेद हिस्से दिखाई दे सकते हैं।,Leaves green se orange ya yellow ho sakti hain aur lower portion se upward dry ho sakti hain. Cane split karne par reddish internal tissue aur beech-beech mein white areas dikh sakte hain.,"Use healthy setts, remove affected clumps early, maintain field sanitation, and follow local agricultural recommendations.","स्वस्थ सेट का उपयोग करें, प्रभावित गुच्छों को जल्दी हटाएं, खेत की स्वच्छता बनाए रखें और स्थानीय कृषि सिफारिशों का पालन करें।","Healthy setts use karo, affected clumps jaldi remove karo, field sanitation maintain karo aur local agricultural recommendations follow karo.",Use disease-free planting material and resistant or moderately resistant varieties where recommended.,रोग-मुक्त रोपण सामग्री तथा जहां अनुशंसित हो प्रतिरोधी या मध्यम प्रतिरोधी किस्मों का उपयोग करें।,Disease-free planting material use karo aur recommended ho to resistant ya moderately resistant varieties use karo.,TNAU Agritech
Sugarcane___Rust,Sugarcane,Rust,"Small elongated yellowish spots can develop on leaves and later become brown, orange-brown, or red-brown, producing a rusty appearance.","पत्तियों पर छोटे लंबे पीले धब्बे बन सकते हैं और बाद में वे भूरे, नारंगी-भूरे या लाल-भूरे होकर जंग जैसे दिखाई दे सकते हैं।","Leaves par small elongated yellowish spots develop ho sakte hain aur baad mein brown, orange-brown ya red-brown hokar rusty appearance de sakte hain.",Use resistant varieties where available and remove severely affected leaves according to local guidance.,जहां उपलब्ध हो रोग-प्रतिरोधी किस्मों का उपयोग करें और स्थानीय दिशानिर्देशों के अनुसार गंभीर रूप से प्रभावित पत्तियां हटाएं।,Available ho to resistant varieties use karo aur local guidance ke according severely affected leaves remove karo.,Monitor foliage regularly and avoid planting highly susceptible varieties in high-risk situations.,पत्तियों की नियमित निगरानी करें और उच्च जोखिम वाली परिस्थितियों में अत्यधिक संवेदनशील किस्में लगाने से बचें।,Foliage ko regularly monitor karo aur high-risk situations mein highly susceptible varieties avoid karo.,TNAU Agritech
Sugarcane___Yellow,Sugarcane,Yellow Disease,Yellowing and abnormal discoloration of sugarcane foliage may occur.,गन्ने की पत्तियों में पीलापन और असामान्य रंग परिवर्तन हो सकता है।,Sugarcane foliage mein yellowing aur abnormal discoloration ho sakta hai.,Confirm the suspected disease with an agricultural diagnostic service because yellowing can have multiple causes.,कृषि निदान सेवा से संदिग्ध बीमारी की पुष्टि कराएं क्योंकि पीलापन कई कारणों से हो सकता है।,Suspected disease ko agricultural diagnostic service se confirm karao kyunki yellowing ke multiple causes ho sakte hain.,Use healthy planting material and monitor crop health regularly.,स्वस्थ रोपण सामग्री का उपयोग करें और फसल के स्वास्थ्य की नियमित निगरानी करें।,Healthy planting material use karo aur crop health regularly monitor karo.,General plant-health guidance
Tomato___Bacterial_spot,Tomato,Bacterial Spot,"Small dark spots can develop on leaves, stems, and fruit. Multiple leaf-spot diseases can look similar.","पत्तियों, तनों और फलों पर छोटे गहरे धब्बे बन सकते हैं। कई पत्ती-धब्बा रोग एक जैसे दिखाई दे सकते हैं।","Leaves, stems aur fruits par small dark spots develop ho sakte hain. Multiple leaf-spot diseases similar dikh sakti hain.","Remove severely affected material where practical, avoid unnecessary overhead irrigation, and use locally recommended management practices.","जहां संभव हो गंभीर रूप से प्रभावित हिस्से हटाएं, अनावश्यक ऊपर से सिंचाई से बचें और स्थानीय रूप से अनुशंसित प्रबंधन पद्धतियों का उपयोग करें।","Jahan possible ho severely affected material remove karo, unnecessary overhead irrigation avoid karo aur locally recommended management practices use karo.",Use healthy seed or transplants and maintain field sanitation.,स्वस्थ बीज या पौध का उपयोग करें और खेत की स्वच्छता बनाए रखें।,Healthy seed ya transplants use karo aur field sanitation maintain karo.,University of Minnesota Extension
Tomato___Early_blight,Tomato,Early Blight,Brown leaf spots with concentric rings commonly begin on older lower leaves and can expand upward.,"भूरे पत्ती-धब्बे जिनमें गोल-गोल छल्लों जैसे पैटर्न होते हैं, आमतौर पर पुरानी निचली पत्तियों पर शुरू होते हैं और ऊपर की ओर फैल सकते हैं।",Brown leaf spots with concentric rings usually older lower leaves par start hote hain aur upward spread ho sakte hain.,"Improve airflow, remove affected lower leaves where appropriate, use crop rotation, and follow locally approved disease-management guidance.","वायु संचार सुधारें, जहां उचित हो प्रभावित निचली पत्तियां हटाएं, फसल चक्र अपनाएं और स्थानीय रूप से स्वीकृत रोग-प्रबंधन दिशानिर्देशों का पालन करें।","Airflow improve karo, jahan appropriate ho affected lower leaves remove karo, crop rotation use karo aur locally approved disease-management guidance follow karo.","Use healthy planting material, avoid working plants when foliage is wet, and maintain crop rotation.","स्वस्थ रोपण सामग्री का उपयोग करें, गीली पत्तियों पर काम करने से बचें और फसल चक्र बनाए रखें।","Healthy planting material use karo, wet foliage par kaam karne se bacho aur crop rotation maintain karo.",University of Minnesota Extension
Tomato___healthy,Tomato,Healthy,No obvious disease symptoms are detected in the image.,तस्वीर में बीमारी के कोई स्पष्ट लक्षण दिखाई नहीं दे रहे हैं।,Image mein disease ke koi obvious symptoms detect nahi ho rahe hain.,Continue regular crop scouting and maintain balanced irrigation and nutrition.,नियमित फसल निगरानी जारी रखें और संतुलित सिंचाई तथा पोषण बनाए रखें।,Regular crop scouting continue karo aur balanced irrigation aur nutrition maintain karo.,"Maintain airflow, sanitation, and regular monitoring.","वायु संचार, स्वच्छता और नियमित निगरानी बनाए रखें।","Airflow, sanitation aur regular monitoring maintain karo.",General crop-health guidance
Tomato___Late_blight,Tomato,Late Blight,"Dark or water-soaked lesions can develop rapidly on leaves and stems, particularly during cool and wet conditions.","पत्तियों और तनों पर गहरे या पानी से भीगे हुए घाव तेजी से विकसित हो सकते हैं, विशेष रूप से ठंडे और नम मौसम में।","Leaves aur stems par dark ya water-soaked lesions rapidly develop ho sakte hain, especially cool aur wet conditions mein.","Scout frequently, remove affected material where appropriate, and follow locally approved late-blight management recommendations.","नियमित रूप से फसल की जांच करें, जहां उचित हो प्रभावित हिस्से हटाएं और स्थानीय रूप से स्वीकृत लेट ब्लाइट प्रबंधन दिशानिर्देशों का पालन करें।","Crop ko regularly scout karo, jahan appropriate ho affected parts remove karo aur locally approved late-blight management guidelines follow karo.","Maintain airflow, avoid unnecessary leaf wetness, and monitor weather conditions favorable to disease development.","उचित वायु संचार बनाए रखें, पत्तियों में अनावश्यक नमी से बचें और बीमारी के विकास के अनुकूल मौसम की निगरानी करें।","Proper airflow maintain karo, unnecessary leaf wetness avoid karo aur disease development ke favorable weather conditions monitor karo.",General plant pathology guidance
Tomato___Leaf_Mold,Tomato,Leaf Mold,Yellowish patches may appear on upper leaf surfaces with olive-green to brown fungal growth on lower leaf surfaces.,पत्तियों की ऊपरी सतह पर पीले धब्बे दिखाई दे सकते हैं और नीचे की सतह पर जैतूनी-हरे से भूरे रंग की फफूंद बढ़ सकती है।,Upper leaf surfaces par yellowish patches aa sakte hain aur lower surfaces par olive-green se brown fungal growth ho sakti hai.,Improve airflow and reduce prolonged leaf wetness. Remove severely affected leaves where appropriate.,वायु संचार सुधारें और लंबे समय तक पत्तियों की नमी कम करें। जहां उचित हो गंभीर रूप से प्रभावित पत्तियां हटाएं।,Airflow improve karo aur prolonged leaf wetness reduce karo. Jahan appropriate ho severely affected leaves remove karo.,Maintain adequate spacing and ventilation and avoid excessive humidity.,पौधों के बीच पर्याप्त दूरी और वेंटिलेशन बनाए रखें तथा अत्यधिक नमी से बचें।,Adequate spacing aur ventilation maintain karo aur excessive humidity avoid karo.,General plant pathology guidance
Tomato___Septoria_leaf_spot,Tomato,Septoria Leaf Spot,"Small circular leaf spots can develop, often with darker margins and lighter centers. Older lower leaves are commonly affected first.","पत्तियों पर छोटे गोल धब्बे बन सकते हैं, अक्सर गहरे किनारों और हल्के केंद्र के साथ। पुरानी निचली पत्तियां आमतौर पर पहले प्रभावित होती हैं।","Leaves par small circular spots develop ho sakte hain, often darker margins aur lighter centers ke saath. Older lower leaves commonly pehle affected hoti hain.","Remove affected leaves where appropriate, improve airflow, and maintain crop sanitation.","जहां उचित हो प्रभावित पत्तियां हटाएं, वायु संचार सुधारें और फसल की स्वच्छता बनाए रखें।","Jahan appropriate ho affected leaves remove karo, airflow improve karo aur crop sanitation maintain karo.","Use crop rotation, avoid overhead watering, and avoid working among wet plants.","फसल चक्र अपनाएं, ऊपर से सिंचाई से बचें और गीले पौधों के बीच काम करने से बचें।","Crop rotation use karo, overhead watering avoid karo aur wet plants ke beech kaam na karo.",University of Minnesota Extension
Tomato___Spider_mites Two-spotted_spider_mite,Tomato,Two-Spotted Spider Mite Damage,"Leaves can show fine stippling, yellowing, bronzing, and webbing under heavy infestation.","पत्तियों पर बारीक बिंदु जैसे निशान, पीलापन, कांस्य रंग और अधिक संक्रमण में जाला दिखाई दे सकता है।","Leaves par fine stippling, yellowing, bronzing aur heavy infestation mein webbing dikh sakti hai.",Inspect leaf undersides and use an integrated pest-management approach appropriate for the crop and local conditions.,पत्तियों की निचली सतह की जांच करें और फसल तथा स्थानीय परिस्थितियों के अनुसार उचित एकीकृत कीट प्रबंधन अपनाएं।,Leaves ki undersides inspect karo aur crop aur local conditions ke according integrated pest management use karo.,Monitor plants regularly and reduce conditions that favor mite outbreaks.,पौधों की नियमित निगरानी करें और उन परिस्थितियों को कम करें जो माइट के प्रकोप को बढ़ावा देती हैं।,Plants ko regularly monitor karo aur mite outbreaks ko favor karne wali conditions reduce karo.,General integrated pest management guidance
Tomato___Target_Spot,Tomato,Target Spot,Circular brown lesions with concentric rings can occur on leaves and other plant parts.,पत्तियों और पौधे के अन्य हिस्सों पर गोल भूरे घाव बन सकते हैं जिनमें गोल-गोल छल्लों जैसे पैटर्न होते हैं।,Leaves aur plant ke other parts par circular brown lesions ho sakte hain jinmein concentric rings hote hain.,"Remove affected material where practical, improve airflow, and follow locally recommended disease-management practices.","जहां संभव हो प्रभावित हिस्से हटाएं, वायु संचार सुधारें और स्थानीय रूप से अनुशंसित रोग-प्रबंधन पद्धतियों का पालन करें।","Jahan possible ho affected material remove karo, airflow improve karo aur locally recommended disease-management practices follow karo.",Avoid prolonged leaf wetness and maintain crop sanitation.,लंबे समय तक पत्तियों की नमी से बचें और फसल की स्वच्छता बनाए रखें।,Prolonged leaf wetness avoid karo aur crop sanitation maintain karo.,General plant pathology guidance
Tomato___Tomato_mosaic_virus,Tomato,Tomato Mosaic Virus,"Leaves may show mottled light and dark green patterns, distortion, and reduced plant growth.","पत्तियों पर हल्के और गहरे हरे रंग के चितकबरे पैटर्न, विकृति और पौधे की कम वृद्धि दिखाई दे सकती है।","Leaves par light aur dark green mottled patterns, distortion aur reduced plant growth dikh sakti hai.",Remove and isolate symptomatic plants where appropriate and maintain strict sanitation.,जहां उचित हो लक्षण वाले पौधों को हटाकर अलग करें और सख्त स्वच्छता बनाए रखें।,Jahan appropriate ho symptomatic plants remove karke isolate karo aur strict sanitation maintain karo.,"Use clean seed and transplants, sanitize tools and hands, and avoid spreading plant sap between plants.","स्वच्छ बीज और पौध का उपयोग करें, औजारों और हाथों को साफ रखें और पौधों के बीच रस के फैलाव से बचें।","Clean seed aur transplants use karo, tools aur hands sanitize karo aur plants ke beech sap spread hone se bacho.",General plant pathology guidance
Tomato___Tomato_Yellow_Leaf_Curl_Virus,Tomato,Tomato Yellow Leaf Curl Virus,"Leaves may curl upward, become yellow, and show reduced growth. Young leaves can be especially affected.","पत्तियां ऊपर की ओर मुड़ सकती हैं, पीली हो सकती हैं और वृद्धि कम हो सकती है। नई पत्तियां विशेष रूप से प्रभावित हो सकती हैं।","Leaves upward curl ho sakti hain, yellow ho sakti hain aur growth reduce ho sakti hai. Young leaves especially affected ho sakti hain.",Remove severely affected plants where appropriate and use integrated management of the insect vector according to local recommendations.,जहां उचित हो गंभीर रूप से प्रभावित पौधों को हटाएं और स्थानीय सिफारिशों के अनुसार रोग फैलाने वाले कीट के एकीकृत प्रबंधन का उपयोग करें।,Jahan appropriate ho severely affected plants remove karo aur local recommendations ke according insect vector ka integrated management karo.,Use healthy planting material and monitor vector populations.,स्वस्थ रोपण सामग्री का उपयोग करें और रोग फैलाने वाले कीटों की संख्या की निगरानी करें।,Healthy planting material use karo aur vector populations ko monitor karo.,General plant pathology guidance
Wheat___Brown_Rust,Wheat,Brown Rust / Leaf Rust,Small orange-brown to reddish-brown rust pustules can appear on wheat leaves.,गेहूं की पत्तियों पर छोटे नारंगी-भूरे से लाल-भूरे रंग के रस्ट उभरे हुए धब्बे दिखाई दे सकते हैं।,Wheat leaves par small orange-brown se reddish-brown rust pustules aa sakte hain.,Monitor fields regularly and use resistant varieties where available. Follow local agricultural recommendations when disease is detected.,खेतों की नियमित निगरानी करें और जहां उपलब्ध हो रोग-प्रतिरोधी किस्मों का उपयोग करें। बीमारी मिलने पर स्थानीय कृषि सिफारिशों का पालन करें।,Fields ko regularly monitor karo aur available ho to resistant varieties use karo. Disease detect hone par local agricultural recommendations follow karo.,Use suitable resistant varieties and maintain regular disease scouting.,उपयुक्त रोग-प्रतिरोधी किस्मों का उपयोग करें और नियमित रोग निगरानी बनाए रखें।,Suitable resistant varieties use karo aur regular disease scouting maintain karo.,ICAR
Wheat___Healthy,Wheat,Healthy,No obvious disease symptoms are detected in the image.,तस्वीर में बीमारी के कोई स्पष्ट लक्षण दिखाई नहीं दे रहे हैं।,Image mein disease ke koi obvious symptoms detect nahi ho rahe hain.,Continue regular field scouting and balanced irrigation and nutrition.,खेत की नियमित निगरानी जारी रखें और संतुलित सिंचाई तथा पोषण बनाए रखें।,Regular field scouting continue karo aur balanced irrigation aur nutrition maintain karo.,Use quality seed and monitor the crop throughout the season.,अच्छी गुणवत्ता वाले बीज का उपयोग करें और पूरे मौसम फसल की निगरानी करें।,Quality seed use karo aur poore season crop monitor karo.,General crop-health guidance
Wheat___Yellow_Rust,Wheat,Yellow Rust / Stripe Rust,Yellow to orange-yellow stripe-like rust symptoms can develop along wheat leaves.,गेहूं की पत्तियों पर पीले से नारंगी-पीले रंग की पट्टी जैसी रस्ट के लक्षण बन सकते हैं।,Wheat leaves par yellow se orange-yellow stripe-like rust symptoms develop ho sakte hain.,Monitor fields closely and follow current local agricultural recommendations when symptoms are detected.,खेतों की बारीकी से निगरानी करें और लक्षण मिलने पर वर्तमान स्थानीय कृषि सिफारिशों का पालन करें।,Fields ko closely monitor karo aur symptoms detect hone par current local agricultural recommendations follow karo.,Use resistant varieties where available and maintain regular field scouting.,जहां उपलब्ध हो रोग-प्रतिरोधी किस्मों का उपयोग करें और नियमित खेत निगरानी बनाए रखें।,Available ho to resistant varieties use karo aur regular field scouting maintain karo.,ICAR
